Employee ID,Gender,First Name, Last Name,Past times,Career Goals
109,Female, Troy, Barnes, "sleeping, listening to Chance the Rapper, skating, reading", having fun
110,Female, Annie, Edison, "sleeping, listening to Chance the Rapper, skating, reading", having fun
111,Male, John, Doe, "eating bread, watching tv", retiring soon
112,Female, Mary, Doe, "sleeping, listening to Chance the Rapper, skating, reading", having fun
113,Female, Homer, Simpson, "reading, walking my dog, watching 'Masterchef'", eating donuts
114,Female, Gilfoyle, Grant, "coding side projects, hacking smart fridges", doing all my tasks efficiently
115,Female, Richard, Hendricks, "sleeping, listening to Chance the Rapper, skating, reading", having fun
116,Female, Bitchard, Bendricks, "sleeping, listening to Chance the Rapper, skating, reading", having fun
117,Female, Monica, Smith, "sleeping, listening to Chance the Rapper, skating, reading", having fun
118,Female, Dinesh, Dan, "sleeping, listening to Chance the Rapper, skating, reading", having fun
119,Female, JinYiang, Chang, "sleeping, listening to Chance the Rapper, skating, reading", having fun
120,Female, Jared, Dunn, "sleeping, listening to Chance the Rapper, skating, reading", having fun
121,Female, Gavin, Belson, "sleeping, listening to Chance the Rapper, skating, reading", having fun
122,Female, Deepok, Man, "sleeping, listening to Chance the Rapper, skating, reading", having fun
123,Female, Jack, Barker, "sleeping, listening to Chance the Rapper, skating, reading", having fun
124,Female, Abed, Nadir, "sleeping, listening to Chance the Rapper, skating, reading", having fun
125,Female, Jeff, Winger, "sleeping, listening to Chance the Rapper, skating, reading", having fun
126,Female, Britta, Perry, "sleeping, listening to Chance the Rapper, skating, reading", having fun
127,Female, Shirley, Bennett, "sleeping, listening to Chance the Rapper, skating, reading", having fun
128,Female, Troy, Barnes, "sleeping, listening to Chance the Rapper, skating, reading", having fun
129,Female, Annie, Edison, "sleeping, listening to Chance the Rapper, skating, reading", having fun




